"Date","Hash","Parent","Extension","Note"
"2020-10-01 21:56:08","1b8081bae0e493d098b8756b1e7c4b19715a78946cf227f2c27f9311e6718420","-","QMIBK","Loader Conti V2"
"2020-09-23 21:17:34","61dd6a0b2870d62f56c7fe0039d42bf5351588f927267fe7b4ee0761872a3b20","1b8081bae0e493d098b8756b1e7c4b19715a78946cf227f2c27f9311e6718420","QMIBK","Conti V2"
"2020-10-16 14:00:32","d236d64b7bf9510ea1746d10a4c164a2ef2c724cc62b2bca91d72bdf24821e40","-","UWTJF","Loader Conti V2"
"2020-10-09 22:53:57","e64e350861b86d4e05668bc25e6c952880f6b39ca921496ccce1487dbf6acab6","d236d64b7bf9510ea1746d10a4c164a2ef2c724cc62b2bca91d72bdf24821e40","UWTJF","Conti V2"
"2020-10-21 18:39:18","0951fde8a8ea9cd45d2be14d63e6e55c8e87af0da45cf3776b495871652aa862","-","ITTZN","Loader Conti V2"
"2020-10-21 20:39:10","9826b386065f8312a7a7ef431c735a66e85a9c144692907f5909f81f837c65f4","0951fde8a8ea9cd45d2be14d63e6e55c8e87af0da45cf3776b495871652aa862","ITTZN","Conti V2"
"2020-10-19 08:59:11","0a7e7f12d79130da067fd39ede7ff4dc3dc6665d88f5278745074d77132312bf","-","TJODT","Loader Conti V2"
"2020-10-09 22:53:57","633b9d373da7d2916f4d3b2902d4817c0f3ad5de5466ac85f34bdd37a8d3dd37","0a7e7f12d79130da067fd39ede7ff4dc3dc6665d88f5278745074d77132312bf","TJODT","Conti V2"
"2020-11-09 14:25:19","b524ed1cc22253f09d56f54d8ded4566b63352ff739f58de961f8a5bebb0fad9","-","CECJF","Loader Conti V2"
"2020-11-09 14:25:18","03b9c7a3b73f15dfc2dcb0b74f3e971fdda7d1d1e2010c6d1861043f90a2fecd","b524ed1cc22253f09d56f54d8ded4566b63352ff739f58de961f8a5bebb0fad9","CECJF","Conti V2"
"2020-11-17 20:10:28","707b752f6bd89d4f97d08602d0546a56d27acfe00e6d5df2a2cb67c5e2eeee30","-","KCWTT","Loader Conti V3"
"2020-11-17 21:10:22","f092b985b75a702c784f0936ce892595b91d025b26f3387a712b76dcc3a4bc81","707b752f6bd89d4f97d08602d0546a56d27acfe00e6d5df2a2cb67c5e2eeee30","KCWTT","Conti V3"
