"SHA-256","Vhash","File type","File size","Filename","Creation Time","First Submission","Last Submission","Last Analysis"
"51c3a6714cb40de2f806933751ecae31a595f800f538575b1bfedcaddc05a7b4","125066655d1515551078z6d3z97z37z87z14z3","Win32 DLL","196.00 KB (200704 bytes)","MSJAVAVM","2008-05-22 10:24:55","2019-03-12 14:01:43","2019-03-12 14:01:43","2020-03-01 10:52:31"
"067088d0a67ac88939f7a232980fc3f48405709c14652ce11bdb183f75272985","115056651d15151068z72dz37z95z46z3","Win32 DLL","116.00 KB (118784 bytes)","MSJAVAVM","2008-03-27 14:58:15","2019-04-26 12:07:56","2019-04-26 12:07:56","2020-03-01 10:54:43"
"f81964244c172183f79b848fdb2569e34b3bf188b31cca68179353c23b34e54d","115056651d15151068z72dz37z95z46z3","Win32 DLL","116.00 KB (118784 bytes)","MSJAVAVM","2008-03-27 14:58:15","2019-05-07 05:50:29","2019-05-07 05:50:29","2020-03-01 11:50:45"
"b6398dd27d6f9813388eef9cd2f9267ac039b88ff32ccfc3e9f5d290a2ab164c","115056655d15155078z76dz37z95z46z3","Win32 DLL","176.00 KB (180224 bytes)","MSJAVAVM","2008-06-09 17:23:56","2019-09-10 09:55:16","2019-10-01 10:04:55","2020-03-01 10:53:02"
"1e0084dad4ce9933a8b8d87050d54b60722308167999a49a9a40966df4326f9e","2140365515190b51235020","Win32 EXE","14.00 KB (14336 bytes)","Microsoft.Exchange.MessagingPolicies.Search.exe","2015-01-29 11:44:12","2019-08-19 19:34:59","2019-10-01 12:54:33","2020-03-01 11:32:01"
"211ebdbf5821f69f40bc8d37c1bd7c52e6cae42126d48ffbcb09c046054ae2d1","115056655d15155078z76dz37z95z46z3","Win32 DLL","180.00 KB (184320 bytes)","MSJAVAVM","2008-05-22 10:24:55","2008-09-08 11:04:34","2019-10-05 16:42:57","2020-03-01 10:48:27"
"58a1845bb1398e9fe7fbf9962816259f4629f042ccc84bc781b1887ee6ae2a71","1830661f55151d151bz4jz11z1ez2","Win32 DLL","8.00 KB (8192 bytes)","ef49780995d9bab25bcb4b70bd206df4.virus","2016-02-09 08:11:49","2019-12-19 05:40:03","2020-02-12 02:09:56","2020-03-01 10:47:39"
"732e75b835d2e5c288857dfd341f221255c038309b064d05c2f44fd19ed126f4","1830761f551515151d1bz7jz1iz1","Win32 DLL","8.50 KB (8704 bytes)","dll_07BF024A43C324DD2A4B8A8CF6E63480.fil","2018-10-25 10:03:08","2020-02-12 11:58:21","2020-02-12 11:58:21","2020-02-29 11:56:46"
"9bcf3d7ab6784f33949b4f7d7ef4a1ca091125904993f7089c07aa4b32554a32","0340c75d15151c0d1d1d1bzc12=z","Win32 EXE","31.97 KB (32736 bytes)","adl+kuz.exe","1972-10-16 21:11:36","2019-11-19 19:05:09","2019-11-19 19:05:09","2020-03-01 10:38:28"
"0b777a43a1fa898e337b22ba9119d08348d54bc67e20a969d09608d4df524aed","0340c75d15151c0d1d1d1bzc11=z","Win32 EXE","35.16 KB (36000 bytes)","many warning.exe","1972-10-16 07:32:32","2019-11-19 19:49:11","2019-11-19 19:49:11","2020-03-01 11:19:01"
"bfefb3f9dea9ece5a46a3a508f9fa29e2dc01176be5369e044e07a1b929ae0a2","0340c75d15151c0d1d1d1bzc11=z","Win32 EXE","34.28 KB (35104 bytes)","with and kaztxt.exe","1972-10-16 07:32:32","2019-11-19 20:14:16","2019-11-19 20:14:16","2020-03-01 10:51:07"
"8a29501e32f508f17a55ff70830de35c11ac418fffc123cb15393e7c914167cb","1830761f550515151d1bz4jz11z1ez2","Win32 DLL","8.50 KB (8704 bytes)","18833609","2018-08-08 08:10:08","2019-12-11 14:00:45","2019-12-11 14:00:45","2020-02-29 17:11:38"
"9e88162c6a5cc34ea1fb41ef31e98fdcffceb4ae0361fa061e4c9eb5c7168dd4","1830761f150515151d1bz4jz11z1ez2","Win32 DLL","8.50 KB (8704 bytes)","18833609","2018-08-08 08:10:08","2019-12-11 14:03:28","2019-12-11 14:03:28","2020-02-29 17:10:50"
"3fa2965a998e7674cf2b660e29370ac3a6a41d6269e39a4c93947fa6877ef857","0150577d155d1d1bzbnz9fz","Win32 EXE","172.12 KB (176246 bytes)","btwcb.exe","2013-10-15 10:43:09","2019-03-10 17:27:07","2019-03-10 17:27:07","2020-03-01 10:55:17"
"4c240174ff58fc27f4627cece649dba5f196c35048661218c921434802d02cab","0150577d155d5d1bzbnz9fz","Win32 EXE","124.00 KB (126976 bytes)","btwcb.exe","2013-10-15 10:43:09","2019-03-12 13:42:11","2019-03-12 13:42:11","2020-03-01 11:37:11"
"5a0944985c1d7487fabe4c0f152d07192970a6d263637b1c78f3edd2ff6f477e","115046655d155078z6cdz37z95z46z2","Win32 DLL","104.00 KB (106496 bytes)","df5cc17e0efb2e4c2a85494a1f60672f3191820ef2caea81bcb031970c3f412e_dump7_0x002d0000_reconstructed","2007-06-19 12:41:21","2019-03-12 13:56:49","2019-03-12 13:56:49","2020-03-01 11:34:47"
"88c90c2b123a357423ab3241624cba49d57122ee3b8ff4130504090c174bb09d","125056656d15551063z22z46bz19z9ez3","Win32 DLL","238.00 KB (243712 bytes)","myfile.exe","2016-07-01 17:41:56","2019-01-18 03:08:15","2019-10-22 04:18:23","2019-10-24 02:13:31"
"4417cc080e421e3cd9e318073d2c0d1c865b309dfae573386df20abeb7667efb","1830761f551515151d1bz4jz11z1ez2","Win32 DLL","8.50 KB (8704 bytes)","myfile.exe","2018-08-08 08:10:08","2019-02-11 06:39:30","2019-10-24 08:01:52","2019-10-29 05:52:52"
"da9ac324a8ab71abda8c343d4cf017f8df51147061f0a462889b514f89ae57b5","1830661f55151d151bz4jz11z1ez2","Win32 DLL","8.00 KB (8192 bytes)","myfile.exe","2016-02-09 08:11:49","2019-04-09 12:25:48","2019-10-29 23:37:15","2020-03-01 10:47:44"
"4f31119ef1d2e74b3a104b8296ba2176b4ede557f454295bafb99cd01c95394d","-","C","8.31 KB (8514 bytes)","jquery.easing.1.3.js.txt","-","2019-10-30 21:13:12","2019-10-30 21:13:12","2019-10-30 21:13:12"
"b207f98634b3a43a206b26ea62d107909f1b5084d11bfa60d854838cf1b11e15","04405d6d5d0d0d0128z2a19lz1fz","Win32 EXE","48.00 KB (49152 bytes)","myfile.exe","2006-09-26 06:24:45","2013-04-06 15:24:19","2019-10-30 23:25:40","2020-03-01 10:41:29"
"6874b387a1c07d85bbedbd196cae3f06539cbcc724395723034196a3ad016724","3140365515170831045020","Win32 DLL","10.00 KB (10240 bytes)","Microsoft.Exchange.Data.Mime.dll","2017-03-15 03:55:08","2019-03-08 15:56:21","2019-10-31 16:23:42","2020-02-19 10:41:08"
"2f133116d3a85ccead2b1bcfa6ba59d04387e107f0039502b39ed114e5ef8075","-","JPEG","388.96 KB (398293 bytes)","ATT00001.jpg","-","2018-12-21 06:25:59","2019-11-06 23:05:27","2019-12-12 11:09:32"
"e37493793723e716ba23d281d06ba31a7c921a32a848a29ce0844b2485317183","-","JPEG","1.04 KB (1066 bytes)","ATT00001.jpg","-","2018-12-21 06:22:34","2019-11-06 23:05:37","2019-11-11 23:57:24"
"5a64a2e46f7bd357c54a330db10d08ffa4b40678b795d41eea21f2513995fc39","115056655d15155078z76dz37z95z46z3","Win32 DLL","176.00 KB (180224 bytes)","MSJAVAVM","2008-06-09 17:23:56","2020-02-27 15:39:01","2020-02-27 18:56:03","2020-03-01 11:38:47"
"aa14d71d161d69eac36bada2d015beecd5e2c69f8c87e7fffa05b1fba26a2496","194056651d15151078z61dz37z95z46z2","Win32 DLL","96.00 KB (98304 bytes)","Debug A","2007-07-24 12:57:37","2019-10-07 03:01:27","2019-10-07 03:01:27","2020-03-01 11:06:59"
"98f8bbafc11a754c7cf50996fed75f39cdcae0fb624c12d7ab648befc5de7a1f","115046655d151078z6cdz37z95z46z2","Win32 DLL","104.00 KB (106496 bytes)","Debug A","2007-06-19 12:41:21","2019-10-07 03:33:56","2019-10-07 03:33:56","2020-03-01 10:57:38"
"6b79e2edf5d09f49308d7afb26f0312380de3249939bd46659acc1836146b266","115056655d15151068z72dz37z95z46z3","Win32 DLL","128.00 KB (131072 bytes)","Debug A","2008-03-27 14:58:15","2019-10-07 04:04:30","2019-10-07 04:04:30","2020-03-01 11:26:01"
"ce73f23239f2720be2bed098da4179c88e4f408e3ecef5971eb7e03c4f965aa9","115056655d15151078z76dz37z95z46z3","Win32 DLL","188.00 KB (192512 bytes)","Debug A","2008-05-22 10:24:55","2019-10-05 16:42:59","2019-10-08 06:33:04","2020-03-01 11:28:45"
"f0e5dd9ad5ac4f17517dab5c1c42068a60cd9db9a58f8a8349deebd1bf9eeccf","0150577d757d6d1""z","Win32 EXE","124.00 KB (126976 bytes)","Debug A","2013-10-15 10:43:09","2019-10-05 16:16:55","2019-10-08 15:35:21","2020-03-01 12:01:45"
"d4ba16db7c26622d2d402cb9714331abfee891b6276d16e6c2f2132e8944cc71","253036551517001580020","Win32 EXE","5.50 KB (5632 bytes)","Client.exe","2018-09-10 18:32:40","2019-10-12 09:07:06","2019-10-12 09:07:06","2020-03-01 10:51:44"
"26d75ec9a5474cb3dec54e65f7008faee3be900afd97146bb8647d2930c35f8f","-","JPEG","801.00 B (801 bytes)","attachment.bin","-","2018-01-18 12:26:51","2019-10-18 07:31:03","2020-02-29 17:16:17"
"5d4d1f7a3ab9c6e79e0752ebf9d30646bce605644e18c092b25d7fa26e31d837","115056651d15151068z72dz37z95z46z3","Win32 DLL","116.00 KB (118784 bytes)","MSJAVAVM","2008-03-27 14:58:15","2019-05-10 05:31:11","2020-01-27 07:04:32","2020-03-01 10:38:58"
"6f43521aad63819d89d72a66a2dbdaaa3090abfd799f31f87a8a5eb01f49839d","115056655d15155078z76dz37za5z46z3","Win32 DLL","165.50 KB (169472 bytes)","MSJAVAVM","2009-04-22 11:49:07","2020-02-01 10:22:11","2020-02-01 10:22:11","2020-03-01 10:53:41"
"5ef0e2ba35f20f8b9401aa29e689893971d591a084dd659b06ad6e349279e0e1","1830661f55151d151bz7jz1iz1","Win32 DLL","8.00 KB (8192 bytes)","096FBD61.bin","2018-10-25 10:03:06","2020-02-06 18:15:32","2020-02-06 18:15:32","2020-03-01 11:11:08"
"05dc66031e4276bc20010743d8cd0ee36e4064cf087b6b4617fefb86a4702873","194046651d151078z6adz37z95z46z2","Win32 DLL","96.00 KB (98304 bytes)","desktop.dll","2007-06-13 07:31:32","2007-08-14 11:04:04","2020-02-07 09:36:51","2020-03-01 10:38:40"
"0771598689383f62f6ea3ee6b3368b2943a815198ad6f62200e2b0a02a88edc7","194046651d151078z6cdz37z95z46z2","Win32 DLL","96.00 KB (98304 bytes)","80fc5df5022be7b91de43017f586f1d7","2007-06-26 08:46:11","2012-05-02 03:27:27","2020-02-16 10:00:58","2020-03-01 11:18:51"
"83852075e1c38827c76fd31127575a5ab46a5bc0b3a4bef61d723f043f324a25","115056655d15155078z78dz37za5z46z3","Win32 DLL","189.50 KB (194048 bytes)","MSJAVAVM","2010-02-17 15:15:24","2012-03-31 18:33:58","2020-02-17 08:38:46","2020-03-01 11:25:22"
"066abb90002d7563fe69ff8f38eb76d470e145ba6a9647ed7523cbbc7532b2fe","015046651d155118z63jz11z85z37z","Win32 EXE","108.03 KB (110624 bytes)","Wextract","2006-07-11 05:45:21","2009-07-16 10:58:26","2020-02-23 13:42:24","2020-03-01 11:15:27"
"d1b556618691aaab2117adf71fb361d59e2a8c94c50e370df2c574d2ba20cd8c","115056655d15155078z78dz37za5z46z3","Win32 DLL","187.50 KB (192000 bytes)","MSJAVAVM","2009-12-07 14:25:12","2012-05-25 19:18:10","2020-02-25 11:13:31","2020-03-01 10:35:55"
"3afbe9253f43f7524a3a7c2854af7ec36c6ba2af5da791ab0cb0919f09d1231f","1830760f150515151d1bz4jz11z1fz","Win32 DLL","8.50 KB (8704 bytes)","18833609","2018-08-08 08:10:08","2019-12-11 14:12:22","2019-12-11 14:12:22","2020-02-24 21:04:04"
"b85e191d091feae751126ee6222655f5469a8afddaec30dadacf2f6e7b0d4164","-","unknown","20.00 KB (20480 bytes)","File","-","2019-12-21 04:00:32","2019-12-21 04:00:32","2019-12-21 04:00:32"
"9c661cf8fcb8be0ee7ce7833770ef3a758cf0fb5d931f49670b0a9fe56bf687c","1830761f551515151d1bz4jz11z1ez2","Win32 DLL","8.50 KB (8704 bytes)","TurlaKazImplant","2016-02-09 08:11:50","2019-01-28 16:19:26","2019-12-26 18:33:01","2019-12-26 18:33:01"
"7efedcc744992424c401c57d853bb5df04dc3c56154ce845c373d8828ce74784","115056655d15155078z76dz37z95z46z3","Win32 DLL","176.00 KB (180224 bytes)","MSJAVAVM","2008-06-09 17:23:56","2019-12-28 17:07:43","2019-12-28 17:07:43","2020-03-01 11:39:28"
"d811bdce1a768301a5c2e718e7a872f780211b6a4cb9dbe6a3459acbb8c7ef61","115056655d15155078z76dz37z95z46z3","Win32 DLL","176.00 KB (180224 bytes)","MSJAVAVM","2008-06-09 17:23:56","2019-12-29 11:52:52","2019-12-29 11:52:52","2020-03-01 11:29:49"
"4b5cdea9e1e0ada2965910444b8fca54f6b729940a383ee9620dbb4048a65481","1830761f551515151d1bz7jz1iz1","Win32 DLL","8.50 KB (8704 bytes)","CD6F5173.dll","2018-10-25 10:03:08","2020-01-03 07:08:26","2020-01-03 07:08:26","2020-02-15 22:24:03"
"009406c1c7c0b289a25d44dfaa8364633d9b71df5f3c7a65deec1ef00a8c2ebb","256036755511a002beb0035","Win32 EXE","5.64 MB (5914624 bytes)","topinambour.exe","2018-09-10 12:05:01","2019-10-12 09:06:09","2020-01-23 09:38:05","2020-03-01 11:10:21"
"e7ae0334617c91401c91926eefb50556f54db9825cef98245332f16753797411","115056655d15155078z76dz37z95z46z3","Win32 DLL","176.00 KB (180224 bytes)","MSJAVAVM","2008-06-09 17:23:56","2020-01-24 21:11:44","2020-01-24 21:11:44","2020-03-01 11:13:30"
"bc68640690efc6ac48567b9460f37dbe9299b52724fb8fd9037ba05bf3699566","115056655d15155078z76dz37z95z46z3","Win32 DLL","176.00 KB (180224 bytes)","MSJAVAVM","2008-06-09 17:23:56","2019-04-19 08:19:38","2019-04-19 08:19:38","2020-03-01 11:32:49"
"04ad337e7b5e9ab345e2a1b78af9b455a4d270c9996e1c16fe17a6d4eecbe39d","115056651d15151068z72dz37z95z46z3","Win32 DLL","116.00 KB (118784 bytes)","MSJAVAVM","2008-03-27 14:58:15","2019-04-26 12:11:22","2019-04-26 12:11:22","2020-03-01 11:55:17"
"a6e9df98e40780ac548481eebf027ede8f61ac908bbaf9fe192073ceca324d1a","115056651d15151068z72dz37z95z46z3","Win32 DLL","116.00 KB (118784 bytes)","MSJAVAVM","2008-03-27 14:58:15","2019-04-26 12:12:42","2019-04-26 12:12:42","2020-03-01 10:59:14"
"4d2b87b0affb4bf3dbd4e41e8a696e1315f619e11bb33006c2fb68a29101a0d8","115056651d15151068z72dz37z95z46z3","Win32 DLL","116.00 KB (118784 bytes)","MSJAVAVM","2008-03-27 14:58:15","2019-04-26 19:51:27","2019-04-26 19:51:27","2020-03-01 11:23:00"
"174b856af24a8b4afa19fa3c8de397c5f75d9c1dcfc61703c21b0505eb1a0970","115056651d15151068z72dz37z95z46z3","Win32 DLL","116.00 KB (118784 bytes)","MSJAVAVM","2008-03-27 14:58:15","2019-05-01 07:10:20","2019-05-01 07:10:20","2020-03-01 10:57:34"
"14a2cf3d881148fee67a4c7cd1b93beb9d86f5fbd00ef49ef0af7fa315b8f8ae","115056651d15151068z72dz37z95z46z3","Win32 DLL","116.00 KB (118784 bytes)","MSJAVAVM","2008-03-27 14:58:15","2019-04-27 03:27:13","2019-05-03 03:53:44","2020-03-01 11:27:24"
"38ad42174861ea9b4ea929347f4cf37cc80b075cad0e419f12e3b6cfafa21454","115056651d15151068z72dz37z95z46z3","Win32 DLL","116.00 KB (118784 bytes)","MSJAVAVM","2008-03-27 14:58:15","2019-05-05 11:25:56","2019-05-05 11:25:56","2020-03-01 10:51:38"
"5696e0df84600435a639d850a66b97a58aafdb1f72c57685eb6114d1dcf84212","1830760f150515151d1bz4jz11z1ez2","Win32 DLL","8.50 KB (8704 bytes)","cbae7a3cc20ee968685f81ec65a2aa1fbb5a16e5fae7dbc257db1c13a2eb2923.dll","2018-08-08 08:10:08","2019-12-11 14:10:45","2019-12-11 14:10:45","2020-02-24 21:04:25"
"cbae7a3cc20ee968685f81ec65a2aa1fbb5a16e5fae7dbc257db1c13a2eb2923","115056655d15151078z76dz37z95z46z3","Win32 DLL","188.00 KB (192512 bytes)","Debug A","2008-11-06 13:21:45","2019-10-05 16:28:12","2019-10-05 16:28:12","2020-03-01 12:05:12"
"636106ef35adeddfb60763b0316d67d11ef6845fcc6879adc23465cb20ed97c5","115056655d15155078z76dz37z95z46z3","Win32 DLL","180.00 KB (184320 bytes)","MSJAVAVM","2008-05-12 11:52:31","2012-12-15 07:36:15","2019-10-06 06:00:12","2020-03-01 11:54:30"
"7c08e72dc458191de61d5245ecfdc9e6b7c1f1f0ad8e4a7c04ab114503f88114","115056655d15155078z76dz37za5z46z3","Win32 DLL","176.00 KB (180224 bytes)","MSJAVAVM","2008-12-29 11:37:17","2013-07-30 05:23:14","2019-10-06 09:48:36","2020-03-01 11:36:20"
"3816da9ae3be4e2830c89c6ba192b8b0af330b20276a264c5ec7a12f8bbd116b","115056655d15151078z76dz37z95z46z3","Win32 DLL","188.00 KB (192512 bytes)","Debug A","2008-06-09 17:23:56","2019-10-06 22:23:32","2019-10-06 22:23:32","2020-03-01 11:16:37"
"739aa8eb0a2a6e7755752f2be9f03f99d26cc370afce6dd968a85c06f9c8bfc7","1830761f551515151d1bz4jz11z1ez2","Win32 DLL","8.50 KB (8704 bytes)","739aa8eb0a2a6e77_1f3975ea6a12e99f7f0579c84710d1dd.dll","2016-02-09 08:11:50","2019-10-07 00:05:18","2019-10-07 00:05:18","2019-10-07 00:05:18"
"e83f37fa825b8c061c73c85aa0ce84e47d92afb30eec1332981dd4d03520022f","155076151d1d5515651088z793z87z31z1011z87z11z1003","Win32 DLL","532.00 KB (544768 bytes)","MSJAVAVM","2008-05-05 11:27:48","2019-03-12 14:02:25","2019-03-12 14:02:25","2020-03-01 11:16:24"
"7b105b75092ac0f3454cd63b24e64a46a728942812ea5c9ef683894d1661400f","115046655d155078z6adz37z95z46z2","Win32 DLL","104.00 KB (106496 bytes)","05dc66031e4276bc20010743d8cd0ee36e4064cf087b6b4617fefb86a4702873_dump7_0x002d0000_reconstructed","2007-06-13 07:31:32","2019-03-12 14:03:23","2019-03-12 14:03:23","2020-03-01 11:37:38"
"fcb1284add3a2d863af64b6e7990e13439c277e3ac241ccb58c9a04f7b7dfad4","115046655d155078z6cdz37z95z46z2","Win32 DLL","104.00 KB (106496 bytes)","730b196431d4953cd5e3c4468637429a05b350f7d508c3ec0a982bec4c60d5ab_dump7_0x002d0000_reconstructed","2007-06-26 08:46:11","2019-03-12 14:04:17","2019-03-12 14:04:17","2020-03-01 10:40:56"
"6d986736200ddcff6a5d12349067e555eaa431c4ee9a59641a1f96feabb3b849","025096661d6d0d060e05|z","Win32 EXE","260.92 KB (267180 bytes)","dttcodexgigas.d63c2d55af499ead7f7fefe7951f6f1b1296774e","2009-12-07 12:41:17","2019-05-31 12:56:26","2019-05-31 12:56:26","2020-03-01 10:40:47"
"959cb34ef9b205cced80b3542e4d16e55ac91596b7cfa4ba4deb1bd3dac1f57d","115056655d15155078z76dz37za5z46z3","Win32 DLL","165.50 KB (169472 bytes)","MSJAVAVM","2009-04-22 11:49:07","2019-06-01 04:30:12","2019-06-01 10:09:13","2020-03-01 11:05:56"
"cffac1039659857f410f5069751c6cc1c8aa413daecb27d50d85e29c5636ef63","125056656d15551063z22z4abz19z9ez3","Win32 DLL","255.00 KB (261120 bytes)","eseutil.dll","2016-12-20 01:13:50","2019-06-21 10:35:30","2019-06-21 10:35:30","2019-11-12 17:06:23"
"11a7d54f9380c84c4850dcf6f79ca688f72382e34bdccbb0bca9f5fccae544c5","115056655d15155078z76dz37z95z46z3","Win32 DLL","176.00 KB (180224 bytes)","MSJAVAVM","2008-06-09 17:23:56","2019-07-03 04:23:03","2019-07-04 15:53:45","2020-03-01 11:21:51"
"20fe600cba0ff61c16f5e3e06438e3c4db006f22bc9b3b9b51ef440462444252","125056656d15551063z22z46bz19z9ez3","Win32 DLL","238.00 KB (243712 bytes)","BPA.Transport.dll","2014-07-25 18:14:16","2019-08-19 19:34:50","2019-08-19 19:34:50","2019-08-20 10:55:30"
"b820b42479b87058bcbb9a63856cc8510af4632b51126113e52e222e04b6bc97","115046655d151078z6adz37z95z46z2","Win32 DLL","104.00 KB (106496 bytes)","b820b42479b87058bcbb9a63856cc8510af4632b51126113e52e222e04b6bc97.sample","2007-06-13 07:31:32","2018-01-09 16:04:28","2019-10-04 23:38:59","2020-03-01 11:45:59"
"0e3f899dcb2328fa8b2be2c4fcc3fbe5f62d0f8728f23e306ebec1c4c94c9180","115056655d15155078z75dz37za5z46z2","Win32 DLL","112.00 KB (114688 bytes)","MSJAVAVM","2007-12-03 14:15:58","2008-02-14 12:39:45","2019-10-05 16:19:40","2020-03-01 10:48:26"
"15580d72045b0806d99cde386e42bf3f078746c4194b0932efc6fcdb9104898d","115056655d15155078z76dz37z95z46z3","Win32 DLL","176.00 KB (180224 bytes)","MSJAVAVM","2008-11-06 13:21:45","2008-11-14 18:45:48","2019-10-05 16:28:09","2020-03-01 10:49:27"
"0bf15d6b817526ee0173aa51dfb45e07576b286ffb899cce62e1c05ab570a539","115056651d15151068z72dz37z95z46z3","Win32 DLL","116.00 KB (118784 bytes)","MSJAVAVM","2008-03-27 14:58:15","2019-05-12 10:00:35","2019-05-12 10:00:35","2020-03-01 11:04:44"
"9a80f3cf88bd192005b14dfabe299447ebf6be962e21971a6b485cf18c13f7fe","08405d6d1d1d1d0128z321elzbfz","Win32 EXE","80.00 KB (81920 bytes)","WOWManager","2007-06-14 06:50:49","2019-05-10 17:36:57","2019-05-28 18:54:06","2020-03-01 10:54:18"
"60ff250dcadd076db6bf20d9b537658fafb4920fde22e791cb1f269d69047e28","125066655d1515555078z6c3z97z37z97z14z3","Win32 DLL","208.50 KB (213504 bytes)","MSJAVAVM","2009-12-07 14:27:53","2019-03-12 14:34:52","2019-05-31 10:26:59","2020-03-01 11:56:27"
"cd52fbc07caf11ef5b5981c72106972c79bdb3d6b4babb385dbe1a7e5caec2a4","115056651d15151068z72dz37z95z46z3","Win32 DLL","116.00 KB (118784 bytes)","MSJAVAVM","2008-03-27 14:58:15","2019-05-31 10:54:13","2019-05-31 10:54:13","2020-03-01 10:47:57"
"01924e5aed6551ec48074f82e6abbaa7845bf47bafa286e9ef6fdf03766eab8d","115066655d1515555068z693z97z37z87z14z3","Win32 DLL","132.00 KB (135168 bytes)","MSJAVAVM","2008-03-27 14:58:15","2019-03-12 14:16:08","2019-03-12 14:16:08","2020-03-01 11:56:36"
"4dc26b3b144826569bc2601fb20dcef124abf9fe63944c029a52eda488c16829","3,14037E+21","Win32 DLL","10.00 KB (10240 bytes)","module.51024.54b4e7840.17cfb0a0000.dll","2017-03-15 03:55:08","2019-03-12 19:53:33","2019-03-12 19:53:33","2019-10-18 16:38:48"
"387dd0809006a5c8bbf6e6143932e26c57b9ff8ca9fb1ab5fb1ab37a394e920a","115066655d1515555078z6b3z97z37z97z14z2","Win32 DLL","124.00 KB (126976 bytes)","MSJAVAVM","2007-12-11 17:36:03","2019-03-12 14:13:12","2019-03-16 01:34:19","2020-03-01 11:24:11"
"ac53086853007952c0dcbdd869126e7bb7846ebd6e4b0307b6caaa013153ef1b","-","DOS EXE","67.07 KB (68676 bytes)","ac53086853007952c0dcbdd869126e7bb7846ebd6e4b0307b6caaa013153ef1b.dll","-","2019-03-27 01:19:34","2019-03-27 01:19:34","2020-02-29 17:44:05"
"74c49870d44cc81635cc77eabb6b4c3a13372fc5663cb1fc1977bcdc97eea788","1830661f55151d151bz4jz11z1ez2","Win32 DLL","8.00 KB (8193 bytes)","fe82adcdca51ef8038b2c9cbf7671e7a.virus","2016-02-09 08:11:49","2019-03-28 12:23:48","2019-03-28 12:23:48","2020-03-01 10:47:45"
"10a77ef0a93737c93c28f3c30544ec27985f6d69e7412c10e1777e18effec0a4","115066655d1515555078z6a3z97z37z97z14z3","Win32 DLL","192.00 KB (196608 bytes)","MSJAVAVM","2008-12-29 11:37:17","2019-03-12 14:09:54","2019-04-07 17:50:29","2020-03-01 11:15:40"
"fa921b247e478b6f8570b4817ec740a62ad95cf7fcf14c265a6571cfd77abf87","1830761f551515151d1bz4jz11z1ez2","Win32 DLL","8.50 KB (8704 bytes)","fa921b247e478b6f8570b4817ec740a62ad95cf7fcf14c265a6571cfd77abf87.sample","2016-02-09 08:11:50","2019-04-12 10:52:09","2019-04-12 10:52:09","2019-04-13 23:38:09"
"e5c187392b8376352880470a5068eeeb1a00926a9f06a5100a5d8426509291c6","115056651d15151068z72dz37z95z46z3","Win32 DLL","116.00 KB (118784 bytes)","MSJAVAVM","2008-03-27 14:58:15","2019-04-16 09:53:44","2019-04-16 09:53:44","2020-03-01 11:34:48"
"b606850065e783af5b1ed52683d8e8e8e53583e3e0c9c8ee9b4288a3938724a4","115056655d15155078z78dz37za5z46z3","Win32 DLL","187.50 KB (192000 bytes)","MSJAVAVM","2010-01-14 11:29:52","2010-01-30 20:34:08","2020-02-21 03:46:52","2020-03-01 10:44:54"
"ce99218859d6d16473a8e91c790999669009ed2ecc6d0aa07be2adb98c57028b","045096665d6d1d066e6519z66z87xz","Win32 EXE","427.75 KB (438016 bytes)","atmarpd.sys","2010-06-08 12:54:07","2010-07-19 00:23:21","2020-02-26 04:17:04","2020-03-01 11:18:39"
"95d4e20fd51ca2d470c8ce88d15a15a7daa1e270d72da360d7e56828af96eba5","115066655d1515555078z6a3z97z37z87z14z3","Win32 DLL","192.00 KB (196608 bytes)","MSJAVAVM","2008-06-09 17:23:56","2019-03-12 14:00:09","2019-03-12 14:00:09","2020-03-01 11:44:14"
"f80b1043f20ad9898a21c8643553e841c61382af57224a476e61d85af6a204ec","115056655d15155078z76dz37za5z46z3","Win32 DLL","176.00 KB (180224 bytes)","MSJAVAVM","2008-11-20 13:14:07","2019-04-09 15:07:15","2019-04-10 15:17:15","2020-03-01 11:05:20"
"86e6504f42d5e10f9a34872d223b2ae5b9edb2f4a6d1f81179a81887fe23d2e1","115056651d15151068z72dz37z95z46z3","Win32 DLL","116.00 KB (118784 bytes)","MSJAVAVM","2008-03-27 14:58:15","2019-04-18 16:20:55","2019-04-18 16:20:55","2020-03-01 11:59:14"
"eb772c1984fbf4b476119093c612d45ad986458ec34027ea573d56de8f53522f","115056651d15151068z72dz37z95z46z3","Win32 DLL","145.33 KB (148814 bytes)","MSJAVAVM","2008-03-27 14:58:15","2020-01-21 02:01:33","2020-01-27 07:04:31","2020-03-01 11:56:38"
"45f2f34350061e70f5ca72cb34d86fff6e308fe2f1ad99ef21c3b6a2bd75a9d6","-","Win32 DLL","8.50 KB (8704 bytes)","45f2f34350061e70f5ca72cb34d86fff6e308fe2f1ad99ef21c3b6a2bd75a9d6.dll","-","2020-01-29 17:52:03","2020-01-29 17:52:03","2020-01-29 17:52:03"
"081e419713ccf78e753b15a12b6341da7b283692132a7a0c5de8fe7a26cfd787","115056655d15155078z76dz37za5z46z3","Win32 DLL","165.50 KB (169472 bytes)","MSJAVAVM","2009-04-22 11:49:07","2020-02-10 00:32:47","2020-02-10 00:32:47","2020-03-01 11:56:16"
"aa556f2a3c5cfad4b7b944c6774281bc8d9dff2eeca497bb9d57131d15832948","115056655d15151068z72dz37z95z46z3","Win32 DLL","116.00 KB (118784 bytes)","8940b9b7e6d0d669c7a9d3082016354e","2008-03-27 14:58:15","2012-04-30 03:44:09","2020-02-15 01:20:05","2020-03-01 11:21:48"
"8c535da165a57936b247cb243c82557cab362722e204877714bc8e0e2afac002","115056655d15155078z78dz37za5z46z3","Win32 DLL","187.50 KB (192000 bytes)","MSJAVAVM","2009-12-07 14:25:12","2012-03-27 13:47:50","2020-02-17 09:06:40","2020-03-01 11:14:17"
"26010b29d08075c94943a21cd73189524743be739e4fa5019ace5e12d6219d5c","1830661f55151d151bz4jz11z1ez2","Win32 DLL","8.00 KB (8192 bytes)","TurlaKazRat.bin","2016-02-09 08:11:49","2019-01-28 16:20:40","2019-12-25 21:12:01","2019-12-25 21:12:01"
"c905f2dec79ccab115ad32578384008696ebab02276f49f12465dcd026c1a615","115056655d15155078z76dz37z95z46z3","Win32 DLL","176.00 KB (180224 bytes)","MSJAVAVM","2008-06-09 17:23:56","2018-06-14 16:16:34","2019-12-28 19:41:51","2019-12-28 19:41:51"
"743b3347dc86b4a4aa6510648076eeca9eec0ff23c1294b3931263c990bcb5e6","1830661f55151d151bz4jz11z1ez2","Win32 DLL","8.00 KB (8192 bytes)","KazuarRAT.bin","2016-02-09 08:11:49","2018-04-08 12:20:04","2019-12-28 19:45:03","2019-12-28 19:45:03"
"e0d648807abcfc2f264c3b921afcf403ffb22b7ebbd6832a93244fed74f8a194","04506d5d1d6d1d0d|z","Win32 EXE","472.50 KB (483840 bytes)","Wextract","2009-10-30 12:05:10","2013-08-30 07:32:54","2020-01-18 07:51:02","2020-03-01 11:05:29"
"bf937d90e02187a333bf504d8c299fb1901a38f94c415feb88f0688fbaa17da7","117066651d1515156""z","Win32 DLL","14.40 MB (15101892 bytes)","209326.dll","2019-09-19 23:59:15","2020-01-20 08:01:55","2020-01-20 08:01:55","2020-01-20 08:01:55"
"44cc7f6c2b664f15b499c7d07c78c110861d2cc82787ddaad28a5af8efc3daac","245036651512007e7b2250151","Win32 EXE","431.00 KB (441344 bytes)","Turla2019Agent.bin","2018-04-11 07:41:01","2019-01-27 22:32:13","2019-11-21 17:52:03","2019-11-21 17:52:03"
"cf0c37d865ed0aea7d7cc8678990068f7b0e2c2b5684d386f6a6460775763159","1830661f55151d151bz4jz11z1ez2","Win32 DLL","8.00 KB (8192 bytes)","TurlaKazImplantVarient","2016-02-09 08:11:49","2019-01-27 22:23:55","2019-11-21 17:52:09","2020-02-24 21:03:54"
"41990a79c5c584dd5a2ea45dccc17f16abadce00c6f9ae9c48571b4f1707459d","115056655d15155078z76dz37z95z46z3","Win32 DLL","176.00 KB (180224 bytes)","MSJAVAVM","2008-06-09 17:23:56","2019-12-06 19:26:42","2019-12-06 19:26:42","2020-03-01 10:47:09"
"affeb634f945e3c7d318a21e7e0b899c160d7e42e15b7cf1b6fc2379b4fcc944","1830760f150515151d1""z","Win32 DLL","8.50 KB (8704 bytes)","18833609","2018-08-08 08:10:08","2019-12-11 14:14:08","2019-12-11 14:14:08","2020-02-28 22:18:34"
"2ad4fbe8ca3cd82f8e37ff7dbcf07c925321defc52e80117f49613b1b8209479","1830761f551515151d1bz4jz11z1ez2","Win32 DLL","8.50 KB (8704 bytes)","TurlaKazuarRat","2016-02-09 08:11:50","2019-01-28 16:21:22","2019-12-25 11:13:57","2019-12-25 11:13:57"
"5f9bb461ac19bcf37c18a8c740d2078ad68d562676ce620ecc2e3e5252802969","125066655d1515551078z6d3z97z37z87z14z3","Win32 DLL","196.00 KB (200704 bytes)","MSJAVAVM","2008-05-12 11:52:31","2019-03-12 14:25:22","2019-10-30 06:16:04","2020-03-01 11:05:10"
"bcbeec9ff16630b6a273267dd8ed0af2372abcc00e999edd48574290a91e4df9","115056655d15155078z76dz37z95z46z3","Win32 DLL","176.00 KB (180224 bytes)","MSJAVAVM","2008-06-09 17:23:56","2019-11-02 15:36:08","2019-11-02 15:36:08","2020-03-01 10:47:39"
"ce01c8087368b7938175b217e9d4e2b50bbd3007d6f9b786d9b86a38a1acbc85","2140365515180b51235020","Win32 EXE","14.00 KB (14336 bytes)","Microsoft.Exchange.MessagingPolicies.Search.exe","2015-08-16 09:56:47","2019-02-23 13:00:26","2019-11-04 16:00:00","2020-03-01 10:48:37"
"0c65f91ce8cce23f30f8d038aa0f8e89328840d817d0f1028fa0ed7fa9675a2c","125056656d15551063z22z49bz19z9ez3","Win32 DLL","254.50 KB (260608 bytes)","Microsoft.SmartScreen.DomainRep.dat.1","2017-06-28 02:52:33","2019-11-05 14:25:50","2019-11-18 14:50:11","2019-12-21 03:50:59"
"d36933f70b6e427ae067905b4307e44e38b83ce2d476e2869c604db6c309e5fc","1340665f55151d151""z","Win32 DLL","35.16 KB (36000 bytes)","many warning.exe","2016-02-09 08:11:49","2019-11-19 19:50:56","2019-11-19 19:50:56","2020-03-01 10:43:53"
"bed58086f80da5f39436e841515504e6c49385c2900402550c20a805c3eb94c9","115056655d15151078z76dz37z95z46z3","Win32 DLL","188.00 KB (192512 bytes)","Debug A","2008-05-12 11:52:31","2019-10-06 06:00:44","2019-10-06 06:00:44","2020-03-01 11:09:08"
"f35ffc78bb2f78f91004d54546c7931c97dd1f93faf13bf4ba1f7813c27f48d7","125056655d15051""z","Win32 DLL","208.00 KB (212992 bytes)","Debug A","2010-02-17 15:14:20","2019-10-06 10:39:31","2019-10-06 10:39:31","2020-03-01 11:09:17"
"cf5e73c4517c8547732f01a6fd614f9ad1aa628b9fc6a82d3b2f222f7b2a0433","115056655d15155078z78dz37za5z46z3","Win32 DLL","181.00 KB (185344 bytes)","MSJAVAVM","2009-09-14 15:28:07","2014-02-20 19:33:36","2019-10-07 00:31:29","2020-03-01 11:00:39"
"6b594299ed503a6f3f5423e89fa229088c08ff9abc09ebaf5388f35a7c2d8a79","115056655d15151078z75dz37za5z46z2","Win32 DLL","120.00 KB (122880 bytes)","Debug A","2007-12-03 14:15:58","2019-10-05 16:19:42","2019-10-07 10:09:30","2020-03-01 11:28:40"
"011af5e05086cfda05a4d481baa194c0dc3467dad7d8565cc8e4200965a26696","125056655d15151""z","Win32 DLL","204.00 KB (208896 bytes)","Debug A","2009-12-07 14:27:53","2019-10-08 03:50:04","2019-10-10 11:05:36","2020-03-01 11:51:50"
"966610c19fb620f90de6d7f35f469662824bad66c3091e0df1de1fd903df04c9","0150577d151d5d1az11nzdfz","Win32 EXE","103.50 KB (105984 bytes)","xxuo.exe","2013-11-25 08:55:28","2015-04-09 09:52:15","2019-10-18 20:51:33","2020-03-01 11:11:35"
"e137e01373a7fb422e786bec5180a035f35bc9695c19aa1d26a37d9b8d9c4e42","125066655d1515555078z6c3z97z37z97z14z3","Win32 DLL","208.50 KB (213504 bytes)","MSJAVAVM","2009-09-29 10:28:40","2019-03-12 13:41:15","2019-05-31 11:55:26","2020-03-01 11:34:30"
"f2f1d0d64e5160db536f97b9b09e6ef06ba805fd378550b449d14c79fb519d77","3140365515190b41235020","Win32 DLL","13.50 KB (13824 bytes)","Microsoft.Exchange.Security.Interop.dll","2017-02-04 05:25:15","2019-06-21 19:08:50","2019-06-21 19:08:50","2020-03-01 11:40:17"
"25facbc4265ca90f0508e77e97e1e6fcc7e46f6cca316b251b06d41232f6360c","2140365515180b51235020","Win32 EXE","14.00 KB (14336 bytes)","Microsoft.Exchange.MessagingPolicies.Search.exe","2014-06-20 14:04:09","2019-01-14 16:25:05","2019-08-15 12:43:28","2019-09-21 17:21:32"
"16a4e61e56f35f28237be1852903a070c9defd0291f06710d6060ad6c3d2bc01","115056655d15155078z76dz37z95z46z3","Win32 DLL","176.00 KB (180224 bytes)","MSJAVAVM","2008-06-09 17:23:56","2019-08-30 22:49:28","2019-08-30 22:49:28","2020-03-01 11:17:56"
"14f530e16e8c6dbac02f1bde53594f01b7edab9c45c4c371a3093120276ffaf1","2140365505180b51235020","Win32 EXE","14.00 KB (14336 bytes)","module.4296.63cb687d0.7d40000.dll","2014-06-20 14:04:09","2019-01-22 20:01:03","2019-10-01 12:54:30","2019-10-01 12:54:30"
"0b97c87126578113050d8e014e8fefeb33146eebc40e75c070882ec31ae26aab","0150577d155d1d1bzbnz9fz","Win32 EXE","172.11 KB (176245 bytes)","btwcb.exe","2013-10-15 10:43:09","2013-11-08 06:34:57","2019-10-05 16:16:52","2020-03-01 11:53:17"
"6a88acc97ddb412fe174ac65decb35d14fb09a579568076af04f03112407421c","-","Win32 DLL","176.00 KB (180224 bytes)","MSJAVAVM","2008-06-09 17:23:56","2019-04-19 15:36:09","2019-04-19 15:36:09","2020-03-01 11:32:25"
"510e6839e6f6e284850c1c759d525f0c7179915eddb6f34cfa3bb9c68c560092","115056651d15151078z61dz37z95z46z2","Win32 DLL","100.00 KB (102400 bytes)","MSJAVAVM","2007-07-24 12:57:37","2019-04-22 18:09:27","2019-04-22 18:09:27","2019-04-24 12:08:25"
"ac71ac9738761921827e0a732db1bc59e43d435c2c69edb4e4c0e55eff964c9a","115056651d15151068z72dz37z95z46z3","Win32 DLL","116.00 KB (118784 bytes)","MSJAVAVM","2008-03-27 14:58:15","2019-04-21 23:02:39","2019-04-29 19:34:46","2019-05-13 00:10:10"
"6dd664839c9a37d03850c01750a4aa2958e0edf03a65d4967856c460d6f4458e","04301e5""z","Win32 EXE","4.00 KB (4096 bytes)","shellcode.bin","2018-05-02 10:20:11","2019-05-21 18:17:37","2019-05-21 18:17:37","2020-03-01 10:50:07"
"d458e8927e11d401448b4ddc18242e4c2e349f070504ac39cf366da841832650","125066655d1515555078z6c3z97z37z97z14z3","Win32 DLL","208.50 KB (213504 bytes)","MSJAVAVM","2009-09-14 15:28:07","2019-03-12 13:40:33","2019-05-31 10:24:54","2020-03-01 11:27:06"
"c94ae588cf0f1b4caa338dc307414f72e0e14bb77af55cf1a5bb2e0dc2d6d22b","125066655d1515555078z6c3z97z37z97z14z3","Win32 DLL","212.50 KB (217600 bytes)","MSJAVAVM","2010-02-17 15:14:20","2019-03-12 13:50:47","2019-05-31 10:36:18","2020-03-01 10:45:15"
