Associated SHA256,Threat Level,Positives,Scan Date,Reference
e90a9a5c767746a5cc316c4b9be6c9df9ef7cd21a4ebf89df74e1121a91612e2,no verdict,-,2020-09-13 20:10:01,https://otx.alienvault.com/indicator/file/e90a9a5c767746a5cc316c4b9be6c9df9ef7cd21a4ebf89df74e1121a91612e2/
197e422a873a6fdfac1d2ee91a4fa1d9b2a34ecd0c88f7da03663edc8adcfcba,no verdict,-,2020-09-11 20:38:25,https://otx.alienvault.com/indicator/file/197e422a873a6fdfac1d2ee91a4fa1d9b2a34ecd0c88f7da03663edc8adcfcba/
4d9720ae7e5f88d6af14036540974d446058b5ec8696899593812804bda52624,suspicious,-,2020-09-11 06:17:41,-
c00e785cc61b343a67b5dd5f843918721b5e5009,suspicious,-,2020-09-11 02:22:39,-
b10fbed4940744e8995090de36c426af,suspicious,-,2020-09-11 06:37:49,-
6e9e6d89a1c196fe6e7e01ad70904875,suspicious,-,2020-09-11 02:49:46,-
9169490f426b97f83e03878b07d8750c0cd4eb12,suspicious,-,2020-09-11 20:25:35,-
1da4540d3a496622085f4127e1e0f2f226f1f797488d46a6b9591ece9bb6065c,no verdict,-,2020-09-10 04:02:05,https://otx.alienvault.com/indicator/file/1da4540d3a496622085f4127e1e0f2f226f1f797488d46a6b9591ece9bb6065c/
bd9bf994a41deb04082eb9ce7f3fc533329c42109a882fdeaf067340e10f7eee,no verdict,-,09/09/2020 01:07:39,https://otx.alienvault.com/indicator/file/bd9bf994a41deb04082eb9ce7f3fc533329c42109a882fdeaf067340e10f7eee/
cc6d3d14e575cc6c19c94a269deb44371df84b182342db9624a64b6fb2b24986,no verdict,-,2020-09-07 05:15:36,https://otx.alienvault.com/indicator/file/cc6d3d14e575cc6c19c94a269deb44371df84b182342db9624a64b6fb2b24986/
ec4190181f4cc869ce20bc4d6ef924db49850e63eee29d6e3055af6248b5b56d,malicious,29/73,2020-09-06 10:41:31,https://www.virustotal.com/#/file/ec4190181f4cc869ce20bc4d6ef924db49850e63eee29d6e3055af6248b5b56d/detection
6b917c97c8075b1e03748314b08c36e9774a3cdc1d070158117f65be7ffb98a7,malicious,26/73,2020-09-06 04:01:22,https://www.virustotal.com/#/file/6b917c97c8075b1e03748314b08c36e9774a3cdc1d070158117f65be7ffb98a7/detection
ea59e42f49b55f246c2667cc002516e247dfe80ff757b95c1b33626bc0117f48,malicious,26/73,2020-09-05 18:02:49,https://www.virustotal.com/#/file/ea59e42f49b55f246c2667cc002516e247dfe80ff757b95c1b33626bc0117f48/detection
86fc09639f861cd4b4924f449a92ee71af88cec89bf181afc0e17e18d90c7827,malicious,26/73,2020-09-05 15:00:41,https://www.virustotal.com/#/file/86fc09639f861cd4b4924f449a92ee71af88cec89bf181afc0e17e18d90c7827/detection
dc3203079903dea2114971e645d8b983483ea2ad18c67aca28a95dff4cfcd61e,malicious,25/73,2020-09-05 10:01:42,https://www.virustotal.com/#/file/dc3203079903dea2114971e645d8b983483ea2ad18c67aca28a95dff4cfcd61e/detection
