MD5,SHA-256,Vhash,File type,File size,Filename,Creation Time,First Submission,Last Submission,Last Analysis
8987652f26732607b769247adb4e9cce,57e7eff080c057dfc107fca8f4d9b61adfa797a75a301871fea08854aa771074,174056655d15551az4e!z,Win32 DLL,68.50 KB (70144 bytes),Hea,11/07/2014 14:29,05/11/2019 07:10,19/12/2019 08:32,04/03/2020 10:32
82e950a2caf7844cc305c94ad1cc1288,f2d38e3cdf225ba4a0883bc5dd457a2e0b00918d008a19059d88218f89da7441,124046656d151088z273z8dz1iz1,Win32 DLL,23.00 KB (23552 bytes),Hea,04/06/2018 18:37,08/10/2019 09:04,08/10/2019 09:04,05/11/2019 20:56
5dbdade5d72feca45c6bc08f05d9bdb0,16779abc1adc43713c52b70322865bcb39ee6f36a7e6dd0f2598dd5f9a48673b,124046656d151148z273z9dz1iz4,Win32 DLL,25.00 KB (25600 bytes),5dbdade5d72feca45c6bc08f05d9bdb0.virobj,04/09/2018 21:07,08/10/2019 09:02,11/10/2019 01:26,18/10/2019 01:30
7260cd78fbe583da47f992fca5bb4137,4f17835f7647127501417f659dcd80fa0f06b544e48ccc9294306a7230dde6d0,134046655d151158z27071z5dz1iz7,Win32 DLL,38.50 KB (39424 bytes),Hea,11/12/2018 16:54,08/10/2019 08:52,09/10/2019 09:49,02/12/2019 12:57
b76e8611057d9607c6ce0acc0ba4de2b,5c59c429be0da0757d2b8a3bb2fe5bfcf9f0a1d967508594a32bdb4b2a910003,134046655d151158z27071z5dz1iz7,Win32 DLL,38.50 KB (39424 bytes),Hea,11/12/2018 16:54,08/10/2019 08:48,08/10/2019 08:48,03/03/2020 11:21
79e263f78e69110c09642bbb30f09ace,b8734ada49e290d12a5a178a67e5ae45e1e3348e54a1f57ef4cdb92ff8c84086,145056656d151557za00b400133z51z10c1z21z12d1z400217z,Win32 DLL,423.00 KB (433152 bytes),Signature v,23/06/2014 17:02,06/10/2019 15:07,06/10/2019 15:07,02/12/2019 06:27
41fe4ea8912918cedd6528ab99f3d999,f17cb51bf0478f3cfa8a1b10ce40811c44c6e72aa0efb1e13e34eaf1b01d8cbc,035046655d757az5cbz1rz,Win32 EXE,320.01 KB (327688 bytes),MasStoDb.EXE,24/10/2013 13:29,21/06/2019 12:57,21/06/2019 12:57,29/07/2019 14:51
42793c3ed137f999b525b1020b52d432,5d7338e2f16ff9303415beee54f2b5e9225b737ca75068ed5f4aa6ab3c4c6f0c,065066655d1515656az8c!z,Win32 EXE,666.74 KB (682742 bytes),aaa.exe,24/02/2019 19:03,20/06/2019 08:38,20/06/2019 08:38,19/02/2020 10:05
7397a01c220392444ed3b81d6a6c8fa3,9719d7cdd78794920a795c6bf8bc3797ec9daabd6619899d0726e90e8dd2b42d,015056655d75155az6d14=z,Win32 EXE,126.00 KB (129024 bytes),netqps.exe,18/10/2011 19:52,20/06/2019 08:34,20/06/2019 08:34,04/03/2020 07:41
1a27ba4f541d3f6066c90822f9f25e9f,7792cededdb61ae249426c2fbb423dc50e1d5cd11c45155b7b91353ccd8937a0,144066551d7e15151jz6xz,Win32 DLL,42.50 KB (43520 bytes),avcnet,12/11/2009 19:47,19/06/2019 10:27,19/06/2019 10:27,21/06/2019 08:09
99b9a986f92c0720414cedb3c3d17a0d,db2054bc4ede207c3bbedd815ef5637c097cf93c7826bc6cdc2cc0d6a8a07edb,0150466d655550b3z82z4e421z17z31z11z1015z67z,Win32 EXE,129.00 KB (132096 bytes),Hea,08/12/2009 16:00,12/03/2019 13:14,12/03/2019 13:14,21/03/2019 16:39
517d86f7f494a9d7f2405020b44521eb,1cd9671f38786c16acfc6b99288885c52ba3e38e3cf552dded877d66bb6ca1d4,165066656d1515555035zb00ac00130d1z51z10c1z21z12d1z4bz,Win32 DLL,601.50 KB (615936 bytes),1cd9671f38786c16acfc6b99288885c52ba3e38e3cf552dded877d66bb6ca1d4,23/06/2014 17:02,12/03/2019 13:41,12/03/2019 13:41,14/11/2019 11:48
33118348b533434a995e477a6aa9b9a9,f53073cd51467f63ae195d0b59b70ec19e3aaa9532529dcddf40047aab6c3549,0240776d155c0d1d1d1az33029z1fz19z,Win32 EXE,21.00 KB (21504 bytes),Hea,27/11/2012 04:41,20/11/2018 23:05,20/11/2018 23:05,21/12/2018 05:14
4a16643a1c0ddb03f4833d28f80edcad,6790ef2b47a8a05ff4c2942b024f9895da30739253f4e5d5ef1897642289b7fc,"015036675d1""z",Win32 EXE,156.00 KB (159744 bytes),6790ef2b47a8a05ff4c2942b024f9895da30739253f4e5d5ef1897642289b7fc.sample,08/12/2009 16:00,06/10/2018 10:42,06/10/2018 10:42,06/10/2018 10:42
4dcd011b08ff854b3789c3188b8ee95b,2cba711f579dec2caaac188db6c22bb2cc83251449a11bfc34112d6f3112b86a,06403e0f7d1013z13z4011z17z11z11z1015z17z,Win32 EXE,66.50 KB (68096 bytes),2cba711f579dec2caaac188db6c22bb2cc83251449a11bfc34112d6f3112b86a.sample,08/12/2009 16:00,24/07/2018 14:29,24/07/2018 14:29,28/01/2020 21:30
853c44d5408781395f3ac65e768f7e65,30b11cd15d64c7a8c21c5173e806cd1b53736dda03cd67037a5401e96afae6f8,0150466d656500b3z82z4e421z17z31z11z1015z67z,Win32 EXE,129.00 KB (132096 bytes),30b11cd15d64c7a8c21c5173e806cd1b53736dda03cd67037a5401e96afae6f8.sample,08/12/2009 16:00,11/04/2018 13:33,24/07/2018 14:29,24/07/2018 14:29
672351dee7f6a05f0ed60dc72b95988a,9ad54b0c8e78b24be55b762fb67aebe5b946e35bd0bff3fef9106908cd5c1729,145056656d151557za00b400133z51z10c1z21z12d1z400217z,Win32 DLL,423.02 KB (433168 bytes),dump.dll,23/06/2014 17:02,19/03/2018 01:08,19/03/2018 01:08,19/03/2018 01:08
628b3aa25724b00ea995b43dc2bc7ce2,d8ec99b727b7de260dc3995930896b278d63be9d2e4e6136c720d4f27e811e3c,1250566d7515151az3512&z4,Win32 DLL,231.00 KB (236544 bytes),rsasusb,15/10/2012 14:11,01/02/2018 13:36,01/02/2018 13:36,29/07/2019 15:23
cb434677126a06ce6eb66c4aedf98bfe,6c716467580112a6317c7862ec010f8622b93667ab7137ddd9fab30ff7727a39,4b96e427630ed811c42ecdde52eaea88,ZIP,22.22 KB (22750 bytes),83779b1230fe8e4ca6878b9944f85b873eb5fe6e,19/11/2017 05:13,19/11/2017 05:13,19/11/2017 05:13,19/11/2017 05:13
41575fc8e178672d3f53714cdcbbaf02,e5eb118f58abdfde6c6b0a694c78e4181e8993da5f36e43c855fdfa7976d6893,144056655d1e5559z26z4fxz,Win32 DLL,40.00 KB (40960 bytes),decoded.bin,07/03/2012 21:55,16/11/2017 04:35,23/11/2017 10:28,23/11/2017 10:28
dd8c03517abc9760d662ad51555f030b,79f4f0695989020c2b3cdbb9f459635c995164823868d446654dbc6dbd89cd52,144066551d7e15151jz6xz,Win32 DLL,42.50 KB (43520 bytes),avcnet,12/11/2009 19:47,02/11/2017 04:36,23/11/2017 16:49,23/11/2017 16:49
42f43edc9937e4aa5f985773f5ea9daa,8bade22161bf71a49955a66ec69809affbd2dde09dc84b94ede57e0d027e82e4,144066551d7e15151jz6xz,Win32 DLL,42.50 KB (43520 bytes),avcnet,07/03/2012 21:55,27/10/2017 06:29,16/11/2017 04:24,24/07/2019 09:04
8eb5c5ed448288ee3b7536f571284631,757d1c276e614bfa6e8f1813213f4c466785d80355bd8bef35826cff4ce359f9,0940366d751az30169z1fz19z,Win32 EXE,96.00 KB (98304 bytes),Hea,13/04/2016 20:55,04/06/2017 02:00,30/09/2019 12:56,30/09/2019 12:56
6c466283e7f8757973ba253aa6080d8c,65b8bde4e1c8b9a881ee0f1d80756b8427d64ceaa0bfcf37f1a7f894622ee00d,035046655d757az5cbz1rz,Win32 EXE,320.00 KB (327680 bytes),MasStoDb.EXE,24/10/2013 13:29,26/04/2017 08:26,06/10/2019 06:20,04/03/2020 10:55
6d1e003143b5a5b6cc3cba9c5433c07a,dfa80016b1d56f036c7f73ebb1912cd8b77e39a93b953f81f69635b320eb67cf,035046655d757048z5bbz1rz,Win32 EXE,325.00 KB (332800 bytes),6d1e003143b5a5b6cc3cba9c5433c07a.virus,26/07/2012 13:40,26/04/2017 08:25,26/04/2017 08:25,26/04/2017 08:25
2a8d9b5c18d314a36e7ef82f0ac3635e,425bbe7020fc443a8311099c2b74b1c6419700317603aae73988adb4113a8bff,145056656d151557za00b400133z51z10c1z21z12d1z400217z,Win32 DLL,423.00 KB (433152 bytes),425bbe7020fc443a8311099c2b74b1c6419700317603aae73988adb4113a8bff.bin,23/06/2014 17:02,08/04/2017 09:55,02/10/2019 07:46,02/10/2019 07:46
d6f6ffd201709e4f03cef21b1fec5f25,21f727338a4f51d79ade48fdfd9e3e32e3b458719bf90745de31b898a80aaa65,0150466d656550b3z82z4e421z17z31z11z1015z67z,Win32 EXE,129.00 KB (132096 bytes),ColoredLambert,08/12/2009 19:43,08/04/2017 09:48,30/09/2019 11:57,28/01/2020 21:35
99ef1e473ac553cf80f6117b2e95e79b,6f03586b863b308038c412959dcb2dca1f1ab03c925ba27e23b91dd21385a47b,035046655d757048z5bbz1rz,Win32 EXE,325.00 KB (332800 bytes),MasStoDb.EXE,26/07/2012 13:40,08/04/2017 09:42,18/04/2018 08:51,20/11/2019 12:22
a4863fcea90680a474a6eaa1e790ace5,59db1413c8c48a7550be26b2eecdb4d80c8a18222844e567a4d97b2c3ac810fd,015056655d75155az6d14=z,Win32 EXE,141.00 KB (144384 bytes),gpisrv.exe,19/04/2013 13:09,11/10/2015 15:31,11/10/2015 15:31,26/07/2019 14:05
c55a70c3413818cb5be7913002c1c486,39b8f93cdffa0c7a3210b7b39483c535a339fbd150d0d5f36cd0783350d367c3,1350466d65155az5f47&z8,Win32 DLL,323.50 KB (331264 bytes),c55a70c3413818cb5be7913002c1c4861228183841593167392.tmp,09/10/2004 21:09,17/01/2015 13:43,17/10/2019 11:35,17/10/2019 11:35
f0b812de90184e91ce2ec056e7ef3279,af7c395426649c57e44eac0bb6c6a109ac649763065ff5b2b23db71839bac655,a076933b0ddf233849aaf6efbe23866a,Mach-O,206.02 KB (210964 bytes),GrowlHelper,03/09/2014 12:16,03/09/2014 12:16,24/04/2017 17:22,21/05/2019 17:41
c60b4b5f0e6982787c204aa169c65b8b,2156adcaae541ea1718ea52ce07bd1555cdcf25e9919f3208958f8c195f34286,145056656d151557za00b400133z51z10c1z21z12d1z400217z,Win32 DLL,423.02 KB (433168 bytes),hdmsvc.dll,23/06/2014 17:02,20/08/2014 15:26,15/04/2017 09:16,05/08/2017 02:10
03bc7a8584fadeceb3d948304b531c3f,d63b9860475c76da94c058e459b150ff37a5c6fd7d031f752f3444db65f5177b,1450466d55155az654c&z7,Win32 DLL,450.50 KB (461312 bytes),plasrv.dll,06/10/2004 10:01,15/08/2014 13:10,15/08/2014 13:10,27/09/2017 17:42
683afdef710bf3c96d42e6d9e7275130,94c9400a7c092d39b053b98d3fb9b241ebd40d820894fa0aaf806d5f813eba06,055046655d7510c8z5fjz2jz,Win32 EXE,522.02 KB (534544 bytes),683afdef710bf3c96d42e6d9e7275130.virus,27/03/2014 15:11,14/08/2014 12:30,30/09/2019 05:29,26/11/2019 04:58
74e94cd60ba77069ed9c4d43845739b3,9922653b4091d7506e7195b3f7c4b5ea80c1035c5166663d9793f4822bb96193,015056655d75155az6d14=z,Win32 EXE,139.50 KB (142848 bytes),netqps.exe,18/10/2011 19:52,24/07/2014 12:23,23/09/2014 11:27,04/03/2020 07:43
52d750ab9e557cf4f358a63593be6e99,581833f249518c849cff8532338d986756bcefcd988480ccf18d833267509e3a,1250566d7515151az3512&z4,Win32 DLL,231.00 KB (236544 bytes),aec6260,15/10/2012 14:11,21/07/2014 14:27,21/07/2014 14:27,24/02/2018 09:34
21a5d5f7ec429822a3caf3ed782bf787,30246c5a4094bfc775b20a62d5fe267427a5d27571ffa81ec1c21e6d6d744a3d,017046655d5510c8z67nz2fz,Win32 EXE,13.57 MB (14232757 bytes),file,28/01/2011 16:13,14/12/2013 22:07,14/12/2013 22:07,14/12/2013 22:07
116f4e1288862c4f8714e133cf45a1e8,41730ccfadf4741ead3c3c144c612f938dd43956be91d5abb3e6519c46152eaa,143046551d051038z18nz1ez1,Win32 DLL,4.50 KB (4608 bytes),file,31/01/2005 17:21,14/12/2013 22:17,16/10/2019 08:50,16/10/2019 08:50
459f8181e7fbaa0e1bf86c15f97de0ba,b140c0b44fdeafc025aca180db922d5a1418e9758c55b00287b387af41f848cd,017056551d15751az18#z1a1z,Win32 EXE,13.58 MB (14243328 bytes),PassSafePkg.exe,09/12/2013 14:39,14/12/2013 22:05,12/10/2019 03:25,06/11/2019 07:34
d857d7e49324a67bbf3e0f845a273a19,f3c60150ec27a84f612be0e87abfd643f31477b631be0901dce0fb47bb354f43,015056655d75155az6d14=z,Win32 EXE,141.00 KB (144384 bytes),vixmgr.exe,19/04/2013 13:09,17/09/2013 11:50,17/09/2013 11:50,26/09/2016 12:09
5f060940b231db5ba3fff4cb12abb7f7,e7591998e01cc0bea4643f9c743114b3dcffcb3513b89ed57863f396aeefcce4,0150466d656550b3z82z4e421z17z31z11z1015z67z,Win32 EXE,129.00 KB (132096 bytes),e7591998e01cc0bea4643f9c743114b3dcffcb3513b89ed57863f396aeefcce4.vir,08/12/2009 16:00,11/06/2012 14:46,05/09/2017 02:43,04/03/2020 07:45
7bfa16de414bdd6e02aeb9c5f1fbc586,83c2fee47f488db956e33d379eae5e0e3b656c878ddde211ee79d35637cbc2ce,135066656d7515156298z81335z41z13z3151za03cz2,Win32 DLL,298.00 KB (305152 bytes),tmC.tm_.rew,02/03/2012 14:06,02/03/2012 14:06,02/03/2012 14:06,02/03/2012 14:06
5b92b64e41353ecf11ddd908d365ad45,8b7acdbc63e63d6c4273163abb58e3cb17d2d67758dcb3533df8e6967c137a7a,125066656d6515156298z81325z41z13z3151zf03cz2,Win32 DLL,264.00 KB (270336 bytes),0000000000002A1D[9830],12/09/2011 12:37,12/09/2011 12:37,12/09/2011 12:37,12/09/2011 12:37
0ca4f3e99e9a6f834bf6eaf8209a8147,dfbb00453b75ec47540dbb9df61910944ecbebcf4d78dff0dbd72e10f404279a,125066656d6515156298z81325z41z13z3151zf03cz2,Win32 DLL,261.00 KB (267264 bytes),mdmm,09/02/2011 21:49,26/08/2011 10:36,02/09/2011 10:12,12/06/2019 08:36
452d86e050ad691dfc46a7abc0ef8a2f,2c84d4bdd3e892435ceca91a98ebbf21295f596155b2e52be3823b5f9ab2a123,055056755d55655aza3!z,Win32 EXE,570.00 KB (583680 bytes),LaNz7Znr,09/02/2011 21:49,09/08/2011 09:42,30/08/2013 06:05,30/08/2013 06:05
9935a4541edeb6dd8f0bafff6bc322b9,6bd99bc2e343e24409e593d7fe785e59ede4b35f527c2e110a2551dde9025b40,015046655d651283z12z6c115z11z13z3120109030fbz,Win32 EXE,137.50 KB (140800 bytes),9935a4541edeb6dd8f0bafff6bc322b9,16/03/2010 15:32,14/01/2011 15:05,12/12/2012 06:26,12/12/2012 06:26
b84f2b6fea1550f49109fabf0c396b54,e505e24282cfde4af060a7b9cb76f8999a5585a563baf4d8e9911f9d9c3bb3c3,054046655d551068z4c7z3027z21zf4z177z,Win32 EXE,54.00 KB (55296 bytes),Hea,15/12/2008 20:47,17/03/2010 07:59,15/10/2019 09:40,15/10/2019 09:40
ba38a75f6b2669098710b56afdf1d7d1,615193d5b17debdc026c61c67b0cf3eb65d0ddd68b8fa13bb3b902765be425ed,015046656d751125z6005c1z2dz12z184z1f7z,Win32 EXE,120.00 KB (122880 bytes),dlcsvc,06/12/2005 23:20,02/12/2009 14:17,17/10/2019 10:33,29/10/2019 11:58
e0127cc8567b0d8d8bb6d205a258283b,7d7191441ef679e4b86ffdffffc98361c2789f6f2be9fe709c451d2b4f081b36,074076651d551e551569z56z5ewz1,Win32 EXE,75.38 KB (77184 bytes),hiddrv.sys,12/06/2002 18:56,06/02/2007 12:38,01/05/2018 06:25,31/05/2018 05:44
1a9e2265495978d05023ffb33c656e5b,1f1ac64f7d6a4f5838d4226c34adefb4d71c92e6644d4693db4a29181830d394,015066751d151e151jz6xz,Win32 EXE,183.00 KB (187392 bytes),shelldri,15/10/2012 19:40,13/02/2020 10:08,13/02/2020 10:08,04/03/2020 10:31
bc9813cab225aebe39776efb7c342495,d332303937901c126e7e9722e39eaad328a8b792ed4e4372ce16cef4b48a3917,015066751d151e151jz6xz,Win32 EXE,183.00 KB (187392 bytes),UNC1832.sys_cb0a0f2dbe26cca92eb08083e1705c68.bin,15/10/2012 19:40,10/02/2020 19:41,10/02/2020 19:41,10/02/2020 19:41
