SHA-256,Vhash,File type,File size,Filename,Creation Time,First Submission,Last Submission,Last Analysis
af8e6eb98ce250e314f17c439ef8a91361faaae7de1a8efee2ee39d1f205c085,2750467d65151140a61362181,Win32 EXE,772.53 KB,74051561a4abc8dab37ac659deee8d39.virus,2020-03-14 09:17:58,2020-03-16 05:51:36,2020-03-16 05:51:36,2020-03-16 05:51:36
5431fd73fd05fc32619ceda2cc63ad53b91449d21d347e21dd8e62668c316f4e,016056655d15755210b02002300a7z141b013zf2za0030e039z,Win32 EXE,1.06 MB,dizzo.bin,2020-03-18 20:40:29,2020-03-18 23:38:44,2020-03-18 23:38:44,2020-03-18 23:38:44
55d855000ff1cb1534c490ce35d60e38351ee4e778f2dc7f694d37fb1453ed1c,01606f7d7d1f1f7f6bz1!z,Win32 EXE,1.79 MB,Launch.exe,2020-03-18 19:05:09,2020-03-18 19:22:46,2020-03-18 19:22:46,2020-03-18 19:22:46
fa5080fef62ecf72b5cbfde1e3a0a240abbac1c867bda97f3b35459f303492c0,01606f7d7d1f1f7f6bz1!z,Win32 EXE,1.77 MB,Launch.bin,2020-03-18 19:05:09,2020-03-18 23:42:17,2020-03-18 23:42:17,2020-03-18 23:42:17
46483ea44b9608e9f7c19e26c711b18cd39fb5f5db952737494857829a678032,01606f7d7d1f1f7f6bz1!z,Win32 EXE,1.37 MB,Launch.bin,2020-03-18 15:06:14,2020-03-19 00:07:00,2020-03-19 00:07:00,2020-03-19 00:07:00
4532be805f8bfc86dbe6b73e3d2c7b3285dbc4b763968b208166dabb5832bea5,095056655d15756210b02002300a46z161d013zf2za0030e039z,Win32 EXE,953.63 KB,Launch.bin,2020-03-18 15:06:14,2020-03-19 00:04:30,2020-03-19 00:04:30,2020-03-19 00:04:30
28b49368522b0f4444f0b4598a8d4562896fb581c05c8f0c563e4475c6785d93,09506f7d6d1f1f7f6bz1!z,Win32 EXE,956.73 KB,Launch.bin,2020-03-17 04:55:26,2020-03-18 10:09:15,2020-03-18 10:09:15,2020-03-18 10:09:15
1cb6b727f12e22bd93ccde159d0da1a731dcb6cba77a8afa925eb67a95cdd09b,01606f7d6d1f1f7f6bz1!z,Win32 EXE,1.36 MB,Launch.bin,2020-03-17 04:55:26,2020-03-19 00:01:01,2020-03-19 00:01:01,2020-03-19 00:01:01
75370652174309893a7e37bb7d68ee7d0da8997061a81f5c0280acaaed9efa1a,2650367515116092d132043,Win32 EXE,613.63 KB,VideoPlayer.exe,2020-03-14 09:44:26,2020-03-14 15:48:02,2020-03-14 19:17:45,2020-03-18 07:22:29
fbb88db480811f7faf3b45fd7e58c85a606571c3f1916d162a840ef87ceac5a3,26503675151110a2a01034,Win32 EXE,594.66 KB,build.bin,2020-03-14 09:17:58,2020-03-19 00:25:25,2020-03-19 00:25:25,2020-03-19 00:25:25
af8e6eb98ce250e314f17c439ef8a91361faaae7de1a8efee2ee39d1f205c085,2750467d65151140a61362181,Win32 EXE,772.53 KB,74051561a4abc8dab37ac659deee8d39.virus,2020-03-14 09:17:58,2020-03-16 05:51:36,2020-03-16 05:51:36,2020-03-16 05:51:36
8d1c4011cfedc1c0d1abc9438cb39635e0682befe5d7f26930d713fb32d0990c,2850467d65151140a823a2061,Win32 EXE,824.53 KB,bolr6AMr.exe_Signed.bin,2020-03-14 09:17:58,2020-03-19 00:26:37,2020-03-19 00:26:37,2020-03-19 00:26:37
9d26fc2af10786c01b86d5996bf5b7082e23fb09ecb68700394494e7494fe116,016046656d157az547z109tz,Win32 EXE,1.77 MB,Resembler.bin,2012-07-13 22:47:16,2020-03-19 00:27:42,2020-03-19 00:27:42,2020-03-19 00:27:42
314f64f09f5b7676e07376e899f4626236aa29bacc5e4dd0b27932e8b7d7f8ef,26503675151110a2a01034,Win32 EXE,594.66 KB,15159-59a581c7cda4ed66df334c6177eab9bd.exe,2020-03-14 09:17:58,2020-03-14 14:58:11,2020-03-14 14:58:11,2020-03-14 14:58:11
de5e4bb6b9698af263d4d04bbbc298a55e1856b2cf68c5f0cd23cdd2fafab42c,26503675151110a2a01033,Win32 EXE,595.17 KB,db3974706523129abc3a5ba8d0a6f045.virus,2020-03-13 19:39:33,2020-03-15 21:21:31,2020-03-15 21:21:31,2020-03-15 21:21:31
a259e333f0eabc7e0f0962119d38c7d108003cdfac37863e3911580a7a8b1cef,26503675151110a2a01034,Win32 EXE,595.13 KB,5bc125799217e9ac72716f44fc942ba0.virus,2020-03-13 09:52:54,2020-03-14 16:31:02,2020-03-14 16:31:02,2020-03-14 16:31:02
e3e07849e525c7d8626526e7a8fee29b2cec862cc9f9f325426243f5634f314c,26503675151110a2a01032,Win32 EXE,594.00 KB,Poullight.exe,2020-03-13 16:46:27,2020-03-14 21:05:58,2020-03-14 21:05:58,2020-03-18 20:51:26
aad98a19cb865cba50863c79071618858885b11734b451b551aa000137eea592,26503675151110a2a01034,Win32 EXE,595.13 KB,build.bin,2020-03-13 09:52:54,2020-03-19 00:28:52,2020-03-19 00:28:52,2020-03-19 00:28:52
